{"initial_reset_timestamp": 3080349.081664217, "timestamps": [3080351.640094873, 3080353.777358367, 3080353.864334802, 3080353.905141338, 3080353.947332814, 3080353.987778754, 3080354.028298293, 3080354.069690706, 3080356.659838781, 3080356.748978407, 3080356.789755794, 3080356.831622811, 3080356.870965642, 3080356.911264844, 3080356.952770135, 3080356.993330894, 3080357.033794724, 3080357.075269656, 3080357.115867524, 3080357.156222197, 3080357.197594018, 3080357.238203367, 3080357.278938246, 3080357.320740813, 3080357.361136433, 3080357.400338886, 3080357.441816657, 3080359.538920637, 3080359.630505501, 3080359.673521338, 3080359.714117926, 3080359.755075983, 3080359.796504814, 3080359.837154722, 3080359.875404363, 3080359.917101862, 3080359.957872519, 3080359.998613827, 3080360.040065998, 3080360.081023405, 3080360.121536024, 3080360.162858537, 3080360.203724524, 3080360.244405721, 3080360.285282049, 3080360.326038326, 3080360.366875352, 3080360.408959839, 3080360.449544768, 3080360.490266155, 3080360.531964705, 3080360.572775402, 3080360.613211781, 3080360.654667874, 3080360.695085644, 3080360.735395547, 3080360.776985466, 3080360.817554765, 3080360.857907727, 3080360.899487867, 3080360.940207314, 3080360.980488327, 3080361.021807229, 3080361.06223017, 3080363.177629623, 3080363.259973962, 3080363.299717698, 3080363.339782453, 3080363.378919235, 3080363.418573242, 3080363.458661016, 3080363.498102215, 3080363.537678915, 3080363.578437052, 3080363.617270796, 3080363.656883955, 3080363.697540843, 3080363.736625817, 3080363.775979447, 3080363.816724935, 3080363.855821127, 3080363.895296336, 3080363.936981276, 3080363.976911291, 3080364.01753839, 3080364.059411778, 3080364.100029966, 3080364.144984845, 3080364.187680526, 3080364.228684191, 3080364.268497516, 3080364.308579671, 3080364.349512876, 3080364.390042217, 3080364.431834235, 3080364.472650261, 3080364.513055053, 3080364.555038449, 3080364.59543909, 3080364.636102359, 3080364.677594509, 3080364.718420516, 3080364.759157315, 3080364.800980842, 3080364.841408553, 3080364.88223307, 3080364.923861909, 3080364.964692917, 3080365.005182056, 3080365.046911355, 3080365.087624284, 3080365.128207812, 3080365.169452746, 3080365.210255333, 3080365.25103802, 3080365.292509832, 3080365.333117271, 3080365.373827188, 3080365.415650157, 3080365.456187626, 3080365.496552066, 3080365.53787884, 3080365.578533198, 3080365.619235436, 3080365.660905376, 3080367.648274779, 3080367.728046149, 3080367.770679261, 3080367.81123348, 3080367.851719219, 3080367.891300129, 3080367.932415082, 3080367.973094191, 3080368.01477771, 3080368.055533467, 3080368.095080677, 3080368.135570436, 3080368.176385833, 3080368.214767503, 3080368.256537141, 3080368.297109281, 3080368.337781519, 3080368.379759395, 3080368.421357306, 3080368.46246355, 3080368.5040397, 3080368.545150145, 3080368.585696624, 3080368.627330483, 3080368.66824618, 3080368.709098206, 3080368.750722576, 3080368.791447285, 3080368.831974044, 3080368.873451486, 3080368.914096394, 3080368.95501145, 3080368.996375483, 3080369.037445537, 3080369.077978687, 3080369.119673576, 3080369.160218645, 3080369.200737256, 3080369.242451744, 3080369.28331827, 3080369.323723672, 3080369.365670058, 3080369.406666933, 3080369.447506421, 3080369.488904832, 3080369.529977227, 3080369.570483267, 3080369.6117782, 3080369.652761296, 3080369.693287735, 3080369.735726147, 3080369.776331307, 3080369.817207313, 3080369.858824632, 3080369.899602121, 3080369.939946132, 3080369.981551641, 3080370.031871081, 3080370.072879228, 3080370.115433768, 3080370.156691401, 3080370.197591058, 3080370.239836431, 3080370.280659299, 3080370.321640255, 3080370.363431152, 3080370.404713036, 3080370.446105277, 3080370.488270202, 3080370.528968211, 3080370.569956936, 3080370.61209623, 3080370.653265515, 3080370.694183581, 3080370.736227346], "episode_lengths": [500, 500, 500, 500, 500, 500, 500, 500, 500, 500, 500, 500, 500, 500, 500, 500, 500, 500, 500, 500, 500, 500, 500, 500, 500, 500, 500, 500, 500, 500, 500, 500, 500, 500, 500, 500, 500, 500, 500, 500, 500, 500, 500, 500, 500, 500, 500, 500, 500, 500, 500, 500, 500, 500, 500, 500, 500, 500, 500, 500, 500, 500, 500, 500, 500, 500, 500, 500, 500, 500, 500, 500, 500, 500, 500, 500, 500, 500, 500, 500, 500, 500, 500, 500, 500, 500, 500, 500, 500, 500, 500, 500, 500, 500, 500, 500, 500, 500, 500, 500, 500, 500, 500, 500, 500, 500, 500, 500, 500, 500, 500, 500, 500, 500, 500, 500, 500, 500, 500, 500, 500, 500, 500, 500, 500, 500, 500, 500, 500, 500, 500, 500, 500, 500, 500, 500, 500, 500, 500, 500, 500, 500, 500, 500, 500, 500, 500, 500, 500, 500, 500, 500, 500, 500, 500, 500, 500, 500, 500, 500, 500, 500, 500, 500, 500, 500, 500, 500, 500, 500, 500, 500, 500, 500, 500, 500, 500, 500, 500, 500, 500, 500, 500, 500, 500, 500, 500, 500, 500, 500, 500, 500, 500, 500, 500, 500, 500, 500, 500, 500], "episode_rewards": [500.0, 500.0, 500.0, 500.0, 500.0, 500.0, 500.0, 500.0, 500.0, 500.0, 500.0, 500.0, 500.0, 500.0, 500.0, 500.0, 500.0, 500.0, 500.0, 500.0, 500.0, 500.0, 500.0, 500.0, 500.0, 500.0, 500.0, 500.0, 500.0, 500.0, 500.0, 500.0, 500.0, 500.0, 500.0, 500.0, 500.0, 500.0, 500.0, 500.0, 500.0, 500.0, 500.0, 500.0, 500.0, 500.0, 500.0, 500.0, 500.0, 500.0, 500.0, 500.0, 500.0, 500.0, 500.0, 500.0, 500.0, 500.0, 500.0, 500.0, 500.0, 500.0, 500.0, 500.0, 500.0, 500.0, 500.0, 500.0, 500.0, 500.0, 500.0, 500.0, 500.0, 500.0, 500.0, 500.0, 500.0, 500.0, 500.0, 500.0, 500.0, 500.0, 500.0, 500.0, 500.0, 500.0, 500.0, 500.0, 500.0, 500.0, 500.0, 500.0, 500.0, 500.0, 500.0, 500.0, 500.0, 500.0, 500.0, 500.0, 500.0, 500.0, 500.0, 500.0, 500.0, 500.0, 500.0, 500.0, 500.0, 500.0, 500.0, 500.0, 500.0, 500.0, 500.0, 500.0, 500.0, 500.0, 500.0, 500.0, 500.0, 500.0, 500.0, 500.0, 500.0, 500.0, 500.0, 500.0, 500.0, 500.0, 500.0, 500.0, 500.0, 500.0, 500.0, 500.0, 500.0, 500.0, 500.0, 500.0, 500.0, 500.0, 500.0, 500.0, 500.0, 500.0, 500.0, 500.0, 500.0, 500.0, 500.0, 500.0, 500.0, 500.0, 500.0, 500.0, 500.0, 500.0, 500.0, 500.0, 500.0, 500.0, 500.0, 500.0, 500.0, 500.0, 500.0, 500.0, 500.0, 500.0, 500.0, 500.0, 500.0, 500.0, 500.0, 500.0, 500.0, 500.0, 500.0, 500.0, 500.0, 500.0, 500.0, 500.0, 500.0, 500.0, 500.0, 500.0, 500.0, 500.0, 500.0, 500.0, 500.0, 500.0, 500.0, 500.0, 500.0, 500.0, 500.0, 500.0], "episode_types": ["t", "t", "t", "t", "t", "t", "t", "t", "t", "t", "t", "t", "t", "t", "t", "t", "t", "t", "t", "t", "t", "t", "t", "t", "t", "t", "t", "t", "t", "t", "t", "t", "t", "t", "t", "t", "t", "t", "t", "t", "t", "t", "t", "t", "t", "t", "t", "t", "t", "t", "t", "t", "t", "t", "t", "t", "t", "t", "t", "t", "t", "t", "t", "t", "t", "t", "t", "t", "t", "t", "t", "t", "t", "t", "t", "t", "t", "t", "t", "t", "t", "t", "t", "t", "t", "t", "t", "t", "t", "t", "t", "t", "t", "t", "t", "t", "t", "t", "t", "t", "t", "t", "t", "t", "t", "t", "t", "t", "t", "t", "t", "t", "t", "t", "t", "t", "t", "t", "t", "t", "t", "t", "t", "t", "t", "t", "t", "t", "t", "t", "t", "t", "t", "t", "t", "t", "t", "t", "t", "t", "t", "t", "t", "t", "t", "t", "t", "t", "t", "t", "t", "t", "t", "t", "t", "t", "t", "t", "t", "t", "t", "t", "t", "t", "t", "t", "t", "t", "t", "t", "t", "t", "t", "t", "t", "t", "t", "t", "t", "t", "t", "t", "t", "t", "t", "t", "t", "t", "t", "t", "t", "t", "t", "t", "t", "t", "t", "t", "t", "t"]}